﻿<parameters>
  <parameter name="IIS Web Application Name" defaultValue="Default Web Site/MVC_deploy" tags="IisApp">
    <parameterEntry kind="ProviderPath" scope="IisApp" match="^C:\\dev\\tableronde\\MVC\\obj\\Release\\Package\\PackageTmp$" />
    <parameterEntry kind="ProviderPath" scope="setAcl" match="^C:\\dev\\tableronde\\MVC\\obj\\Release\\Package\\PackageTmp$" />
  </parameter>
  <parameter name="Add write permission to App_Data Folder" description="Add write permission to App_Data folder" defaultValue="{IIS Web Application Name}/App_Data" tags="Hidden">
    <parameterEntry kind="ProviderPath" scope="setAcl" match="^C:\\dev\\tableronde\\MVC\\obj\\Release\\Package\\PackageTmp\\App_Data$" />
  </parameter>
  <parameter name="ConnectionString" description="The main connection string for table ronde" defaultValue="__ConnectionString__">
    <parameterEntry kind="XmlFile" scope="ConnectionString\.config" match="/connectionStrings/add[@name='DashBoardConnection']/@connectionString" />
  </parameter>
  <parameter name="SmtpDeliveryMethod" description="Delivery method for SMTP" defaultValue="network">
    <parameterEntry kind="XmlFile" scope="Smtp\.config" match="/smtp/@deliveryMethod" />
  </parameter>
  <parameter name="SmtpPickupDirectory" description="SMTP Pickup directory" defaultValue="c:\Mails">
    <parameterEntry kind="XmlFile" scope="Smtp\.config" match="/smtp/specifiedPickupDirectory/@pickupDirectoryLocation" />
  </parameter>
  <parameter name="SmtpHost" description="SMTP mail server" defaultValue="nothing">
    <parameterEntry kind="XmlFile" scope="Smtp\.config" match="/smtp/network/@host" />
  </parameter>
  <parameter name="SmtpPort" description="SMTP mail server port number" defaultValue="25">
    <parameterEntry kind="XmlFile" scope="Smtp\.config" match="/smtp/network/@port" />
  </parameter>
  <parameter name="SmtpUsername" description="SMTP username" defaultValue="">
    <parameterEntry kind="XmlFile" scope="Smtp\.config" match="/smtp/network/@userName" />
  </parameter>
  <parameter name="SmtpPassword" description="SMTP password" defaultValue="">
    <parameterEntry kind="XmlFile" scope="Smtp\.config" match="/smtp/network/@password" />
  </parameter>
  <parameter name="CreateDemoApiUrl" description="The path for CRUD on demo for table ronde" defaultValue="">
    <parameterEntry kind="XmlFile" scope="AppSettings\.config" match="/appSettings/add[@key='CreateDemoApiUrl']/@value" />
  </parameter>
  <parameter name="CopyProdToTestUrl" description="The path for copy prod database to test data on table ronde" defaultValue="">
    <parameterEntry kind="XmlFile" scope="AppSettings\.config" match="/appSettings/add[@key='CopyProdToTestUrl']/@value" />
  </parameter>
  <parameter name="AlfredApiKey" description="The path for insert key api on demo for table ronde" defaultValue="">
    <parameterEntry kind="XmlFile" scope="AppSettings\.config" match="/appSettings/add[@key='AlfredApiKey']/@value" />
  </parameter>
  <parameter name="MaxDatabaseSizeForCopyInGo" description="The max size for a copy of database" defaultValue="">
    <parameterEntry kind="XmlFile" scope="AppSettings\.config" match="/appSettings/add[@key='MaxDatabaseSizeForCopyInGo']/@value" />
  </parameter>
  <parameter name="QueryAllDbUrl" description="The path for the query all db for table ronde" defaultValue="">
    <parameterEntry kind="XmlFile" scope="AppSettings\.config" match="/appSettings/add[@key='QueryAllDbUrl']/@value" />
  </parameter>
  <parameter name="DnsZone" description="The Dns zone use for prod application" defaultValue="">
    <parameterEntry kind="XmlFile" scope="AppSettings\.config" match="/appSettings/add[@key='DnsZone']/@value" />
  </parameter>
  <parameter name="NewRelic.AppName" description="The app name in New Relic" defaultValue="">
    <parameterEntry kind="XmlFile" scope="AppSetting\.config" match="/appSettings/add[@key='NewRelic.AppName']/@value" />
  </parameter>
  <parameter name="Mep" description="The path for the Mep for table ronde" defaultValue="">
    <parameterEntry kind="XmlFile" scope="AppSettings\.config" match="/appSettings/add[@key='Mep']/@value" />
  </parameter>
</parameters>